customer id demopgrahics,CustomerID Invoice
462809,17850
462643,13047
466315,12583
461735,13748
462669,15100
461319,15291
460156,14688
464347,17809
465015,15311
465176,14527
464041,16098
464942,18074
461230,17420
459573,16029
460849,16250
460563,12431
466865,17511
461644,17548
466772,13705
464291,13747
466084,13408
459675,13767
465602,17924
459168,13448
461021,15862
465083,15513
467604,12791
459717,16218
465882,14045
461996,14307
463331,17908
462216,17920
462454,12838
467010,13255
459861,16583
467917,18085
465572,13758
460593,13694
465891,15983
467442,14849
462044,17968
465686,16210
464590,17897
466006,17377
466152,16552
463156,17181
465729,17951
462384,14729
462442,12748
464191,15012
462078,12868
467873,17572
461270,14078
462960,14001
464961,12662
462110,15525
465769,14237
462267,17905
465269,15485
460881,12433
461891,16955
466935,15350
464091,15605
464535,18144
463108,15922
461356,14594
464570,15165
464580,14911
465233,16456
467208,17841
459954,12472
460219,17346
460877,17643
460191,17873
463742,13093
463691,12921
463250,13468
463952,17760
461558,16928
466567,16048
465379,16274
463814,14496
466938,14696
460671,16539
462204,17025
461671,13777
459384,17690
459905,12947
464734,17460
464125,18229
467434,14142
460956,17069
465179,13065
463338,14606
467066,16835
463845,15235
459976,13576
461334,18011
465108,13090
462600,15694
464144,14741
466911,13715
462806,14092
463426,17732
464065,12855
462979,15752
462834,17855
460764,14047
466466,17925
460185,13941
459749,17017
464406,14135
467758,13108
462059,12471
467905,15601
461177,13418
460765,14766
465386,15658
465827,14388
462332,14901
464481,18041
461011,15955
464749,15070
461094,16244
462104,15111
464524,14390
466295,16546
461787,15260
467857,13305
460153,14491
465215,14060
466746,15923
464857,16752
459478,17287
460723,15363
459853,12915
459390,15544
460410,15738
463823,16042
462008,17381
459750,15827
459880,14180
459261,13117
465656,16916
465395,17964
461631,14466
464904,17235
461740,16510
467092,17802
464173,15107
464972,17976
467959,14449
467688,15838
460043,16781
466590,17547
461191,13491
465662,16186
459231,17685
466495,17581
459192,15732
465710,13138
460258,15823
462813,17567
463595,15061
467768,16203
465291,15640
462996,15574
463497,16770
465301,17838
464702,17228
459012,14829
465053,17412
459420,14031
464166,14775
458987,12971
467745,15834
464866,17659
461081,15299
467896,15646
463991,13958
466620,14443
462594,14156
462206,16995
460697,13402
467934,18168
460054,17757
459576,14625
467910,13011
467335,13798
460263,15384
459340,14264
465622,13295
459395,16754
467539,16634
466574,18239
466544,14576
463610,13145
465539,14395
459823,14865
467614,15093
459073,12738
466065,16150
464863,17552
460022,14236
459929,17961
466613,14573
461149,17135
466068,17396
461513,14213
464761,12967
466236,12686
459664,14679
461967,15240
460516,18225
461710,13370
462742,16883
459528,13520
462691,12841
462934,16905
465837,12427
464613,17967
467515,16891
463429,14589
464024,14680
460691,17884
461825,12557
467271,14083
465634,13013
464801,14210
459429,16477
459888,12600
463467,16013
462036,17949
461282,12779
460448,16926
464464,17787
462410,12682
467252,14723
459756,17954
463789,17819
466947,12712
464150,15373
465693,16140
461670,17198
466768,17238
461550,12793
462438,15769
460704,14396
464884,14898
467050,12725
460738,16725
466176,12395
459488,16455
467773,13081
465425,15545
462318,17243
466078,15465
460792,15708
460197,13089
459375,16033
463862,13838
460144,15351
462721,18055
459637,15038
465809,18109
466915,13069
467343,16241
466268,14800
464868,16839
464038,16168
460176,16931
462161,16814
464841,13269
464893,14813
464443,12567
467619,17062
465974,15332
462075,14810
459494,16353
466921,18118
463544,13831
461167,13506
467364,17796
462408,15716
466224,18156
465151,15221
467216,16983
460586,17059
461197,16327
462776,17211
465058,17026
464088,15570
459471,15880
464695,16718
462331,15808
466523,17858
465337,16393
460834,14161
466824,17863
461607,16411
465091,16402
459532,15023
466999,17402
466597,15426
464075,12647
463394,15894
462163,15867
463895,14506
464767,15555
464763,13034
460718,15889
461989,15953
466374,16143
463738,12720
465967,16422
462260,12747
467234,15502
466573,12763
463229,14081
459768,17965
462541,14404
467714,13579
467730,13174
459474,15987
460093,17677
467865,13652
465758,12586
464184,17428
462618,16161
464226,16858
465432,18219
464087,14293
466627,14748
467380,16638
465842,17674
464622,12808
462083,13094
460910,15899
460255,12708
460109,15898
464306,17691
466835,17227
465192,15039
463380,15919
462391,13497
467086,15860
460306,14189
460752,15304
467264,14867
461646,14344
463570,12474
465277,16719
467426,15048
466258,15301
463719,14708
460032,16898
465175,14825
466610,18113
459036,17596
464047,15078
459496,14085
459997,17860
463382,13155
460967,15028
465094,16919
461229,17259
466442,17019
464527,14487
463560,16722
460011,15882
467207,14667
465177,16710
467531,16550
465409,15984
462842,17682
462124,16658
466265,17068
459789,15356
464223,17223
460280,16817
460331,13030
461494,17191
460035,15194
463812,14409
465569,16654
466333,16861
467668,16138
462723,13481
460909,13495
467777,17519
462404,17218
461799,17812
459933,14215
463717,15602
463652,17320
462149,16782
462769,12913
465532,17869
462829,13564
459210,14850
464659,15021
461411,13963
467759,17450
461475,17091
462714,17470
466890,17616
462888,15649
467479,12681
466799,14907
466557,17735
460873,16059
466776,17720
459462,15018
465727,14733
462348,13756
460941,14176
461629,13319
459907,15353
467146,18119
460916,17491
459196,14282
465444,13569
464186,15498
466412,14673
459480,13488
467880,16221
460216,15002
467941,15965
466090,15024
462572,17675
467443,13769
462548,16904
459701,16086
461139,13786
461115,13880
459027,13173
467340,15858
461410,15180
460857,12347
464300,14739
460532,16293
463287,17419
461392,16775
461546,16306
467780,16950
462130,17591
464684,12839
462276,13807
462142,16125
462417,15081
466463,18102
464736,16365
467520,17870
459835,14821
463855,16863
460344,13078
466211,13267
460139,13050
464126,12709
461286,15628
461621,12386
460163,14796
461958,16779
464875,13599
464791,13329
464579,18077
463531,14744
462651,17406
465486,15750
460882,13983
467162,13842
461298,12441
461595,13199
459260,14032
462772,17706
462941,16081
459143,16525
464532,14952
460056,17975
466761,16122
465469,13126
461886,15973
465680,16558
459316,16713
465609,16893
467009,15529
461766,18043
464938,16016
462034,17722
464049,17324
467925,17341
463711,14051
463846,15916
462064,16233
463249,16385
464217,15032
463378,17213
463035,18061
459656,13113
463114,16553
465309,13455
462688,14217
459255,17262
467385,14299
467492,18259
460789,17676
467307,16679
464026,18269
464645,12766
462493,15298
460685,18193
460452,13523
459322,12870
464066,15005
461114,15581
465165,15680
464526,13649
460666,17894
465417,13270
464096,14618
464891,14866
460107,13077
467708,13115
461873,13531
465181,13848
467204,13140
467320,15713
459468,17999
467316,15347
466182,17340
463757,13984
462314,15996
466392,14030
466652,16252
461664,16596
464105,16700
466790,16011
463844,17655
462913,16717
465541,14243
459149,12963
464508,15079
458999,14437
459947,12942
465500,15660
466009,18092
466338,15358
465122,12481
465230,12721
466369,12621
463939,18071
460825,12683
461125,12755
463471,13854
467415,12797
465879,13369
463961,12494
462634,17857
463622,17411
466624,14932
467785,12429
461928,14987
460578,14355
460198,17526
467468,14896
463581,14440
463968,13240
465414,14479
464574,16065
462312,17430
467971,16520
464746,15945
459298,15181
466414,15856
460773,13102
461594,14205
462713,17702
465163,15271
462222,13982
459342,15288
463006,17978
463029,16795
460767,16519
464319,17816
462828,13021
459873,16255
461608,17671
465155,17646
461704,12649
464826,16350
462677,12872
465006,17339
463483,18230
459816,16499
459002,17097
465990,15192
466044,14441
461163,15279
467106,16579
467373,15380
461256,17442
466522,17950
459010,12826
466537,17456
459046,17307
459335,15811
462695,13327
466208,17700
462128,13136
467329,15535
461609,12605
464470,15329
462705,15211
465255,15596
462536,16163
461186,16907
466018,17576
461385,14713
459115,14702
461263,13230
460027,13969
460366,17530
464106,15805
465696,17696
461627,17076
467963,17827
462437,16265
467543,17880
465206,13000
463040,17790
461668,12731
461955,14419
467139,14082
459366,17912
460689,15723
462167,16656
466752,14037
462778,14256
466902,14543
459534,16062
463399,18116
465538,16019
464878,18178
467599,18065
466226,13148
463576,12989
464911,14107
466457,15881
463909,12785
466099,16727
464427,15514
463951,13787
465638,17865
465289,17220
466718,16565
464219,16873
467098,14062
467451,15179
465137,18016
462289,14448
467459,15503
460308,17251
467647,16923
459803,14159
465972,17126
459414,15224
466173,14577
464136,12753
459286,17236
463580,17372
466636,16367
461064,12875
461597,17917
458990,16010
461351,17085
464420,13668
462060,14684
465707,17188
463733,15547
463960,15998
462395,14413
461015,18004
464965,13959
466267,16665
464056,15454
465898,15044
465361,17937
461394,14608
466269,17618
466213,14505
465550,18037
463451,13198
463877,12540
459499,13225
463876,15361
465448,15689
463041,14290
459325,13209
467233,13999
465264,14498
461811,15854
466370,16701
465368,16927
461245,17990
467693,14544
467879,17338
461499,17231
465936,17799
459748,14565
466376,16726
460215,17303
462076,14639
465756,17611
463573,17179
463455,17524
460841,12476
463959,17293
461792,17890
459118,17375
462791,17371
460852,17969
463102,15159
463302,13211
462659,15777
463408,14525
462071,13324
464806,13802
463664,13948
467795,13008
459141,14206
465900,16202
467265,16442
464490,18075
461920,15468
460411,16570
466491,14524
459062,18141
465248,12434
463308,16810
463478,14961
465396,17041
461954,16458
467287,16083
463800,16262
459894,17194
459778,14057
464662,14871
460878,13178
462187,18044
462675,16812
461908,16191
461951,12370
465352,14298
464258,17158
464215,14415
467561,16899
460322,16531
464665,17404
460670,16556
461486,16805
459526,16503
465429,17739
466492,13238
459489,12829
459681,13097
462971,12867
461233,15392
461221,13846
464090,14401
459863,16145
459822,17629
462540,14150
467411,13496
463997,13611
464103,16954
465751,17454
459797,17449
460798,17230
464572,12865
462352,15950
460513,15512
463228,17525
464765,13458
463720,14426
460799,16003
460891,13092
460311,13426
466727,15101
466157,17033
465138,13221
466361,14201
463154,17692
462967,15822
460908,16134
467560,17551
463404,18050
463281,14913
462466,12666
463744,15641
464209,13124
462528,17214
459518,15456
460061,15062
466188,12928
467914,15727
462758,17980
465704,15290
460397,17752
466676,15615
465024,12577
461630,17044
465328,13829
461220,17633
463935,13266
460514,17820
466262,15664
467094,17189
459280,17496
464581,16607
459624,13317
460890,13890
466415,17001
462392,15246
459706,16996
464429,15482
467446,16037
460528,14841
464836,16670
459212,16985
462364,16705
464549,16470
464555,14414
462027,15563
467110,12980
467123,16746
459599,14878
467826,16743
461837,17146
467328,12877
467962,15394
464025,14621
460385,15379
462551,14309
462047,17288
459958,14709
465690,15157
459221,17744
461059,16316
461227,15620
466246,15789
462619,16560
459561,13534
467048,17580
467362,14777
459846,15759
460351,14373
459515,18176
460499,15366
460829,14735
466559,16271
467236,18223
461816,15532
467409,16816
466299,16684
464565,14334
465906,16945
460950,14643
466654,15197
459649,14220
461077,13874
464642,18260
463741,17848
460594,17392
465253,12348
459936,14985
462998,13004
464179,14560
465655,12931
462988,13627
463933,12551
462111,12782
462435,14769
462747,15780
462279,12417
463383,17315
459743,16711
461762,12726
463071,15204
464121,17888
465051,17007
460140,15160
466197,14016
460433,13033
462953,12691
462535,13869
462921,14146
464735,12705
464455,16885
461675,17913
464578,12668
466304,14472
466850,17358
467041,16686
464775,18245
464858,17343
462040,18256
460800,16153
459663,12377
462081,14646
463047,12944
464500,15312
460756,14099
462835,14113
463766,13104
463874,17204
463525,13027
465653,17621
465905,17090
465663,14119
465225,15527
465001,18097
466905,15460
465573,15034
467008,12423
466995,12678
463397,15208
466238,17306
460531,14737
462250,13029
462611,16270
459098,13487
465701,12515
466242,17400
466308,17593
464039,13953
459972,14533
461801,12734
462716,14944
467218,17239
460387,14532
466441,12383
462057,15562
466991,15587
459453,13922
461714,13817
463465,12585
467940,13165
461970,13304
459877,13313
460784,16875
460137,16282
465201,12957
465371,14462
463929,13397
461998,13680
460828,12483
467523,15164
461673,17457
459788,14732
462645,14221
462666,14553
462587,13253
459583,17389
467361,12578
459493,15841
464583,16112
462726,13629
466919,16600
467949,15661
462406,16532
460434,15266
463729,14653
466827,16771
463641,17585
467294,15046
460875,13082
459183,15464
464541,18226
461249,18062
462959,12415
459922,12503
467935,17368
461382,14258
462521,15719
463296,13368
467003,17634
459705,16676
459984,16424
466051,18283
463583,12735
466100,13764
461427,13656
464193,12413
467835,14312
463000,13280
462457,15845
460426,16094
466024,13187
467031,16567
467440,14828
464377,12530
465870,16551
460677,16889
460095,16473
463297,13750
461790,12501
467410,15607
465904,15139
459393,12489
465712,17707
465771,18198
462013,12484
465620,18179
459840,17284
461460,13233
466317,14889
461962,12480
466071,14672
460796,13593
467012,13162
460357,13183
460182,17095
460491,12939
466630,15611
466331,17114
463912,15059
461728,16326
463278,17128
459413,14761
465659,17555
461746,12651
465574,16735
462170,16833
460626,17800
466122,16748
466678,14755
464930,16549
465447,13565
467549,15799
463718,18032
467626,13451
459058,14794
461983,12539
461207,12500
467585,18171
464604,16279
462529,12524
460475,17811
463553,16850
460912,14321
461715,15326
459567,17849
462340,13672
461834,14229
459677,13107
465148,16497
467911,16303
462981,15281
463055,12736
461884,13473
467834,14320
463019,12393
466996,17742
463026,16351
459479,12601
465565,13144
459523,15346
464707,15370
466796,12643
462977,14295
462369,16034
463053,17365
462139,15189
460922,14669
463706,18095
465703,15518
462796,15749
459558,14209
459716,15569
460599,12728
465775,17569
465392,13784
464783,12724
459439,13862
464356,16791
459881,16235
461772,14270
460551,12665
466047,12523
462248,16655
465011,16359
467898,16554
461035,12359
465382,15939
464460,14587
466291,14715
461397,14185
464302,12437
465458,14040
467276,12652
461129,14514
467406,15171
463140,14167
460980,17048
464666,17364
464236,13284
466898,16500
462736,12951
467952,15835
461399,18190
466320,13993
465142,14114
460334,15447
460745,16315
459812,14978
465197,16395
462068,15510
463592,13614
467352,13246
465030,15687
462095,16493
460248,12490
464286,12672
464248,13385
459167,15626
462710,12553
462731,15213
464475,14175
466899,18106
460108,15033
460606,14329
459096,16401
467942,16206
463264,13782
462089,12924
467756,16593
461323,13700
459563,13064
467602,13048
462562,18069
461588,13634
465691,16843
460894,17064
459151,17609
466417,15673
466837,12626
466918,14976
464133,12388
466101,13527
464289,15696
461936,15316
459301,12673
462284,15296
463290,17988
462413,12820
466814,13001
460996,14101
459714,14238
464829,17730
467474,13929
466134,14657
460496,13859
461995,18212
466798,14292
461086,13883
459306,18233
464919,17018
461798,14242
466987,12356
459329,12346
465174,13898
460979,16948
465272,16997
460463,12527
460246,15395
463423,12510
466992,13693
461530,13263
463615,14428
465101,12451
464997,12422
462255,17708
460734,14090
462616,15606
460968,15831
465235,13310
461818,14916
463171,17602
460776,14572
461634,13502
462150,14784
461503,15938
464408,12637
463163,17418
462358,14779
460647,16321
464888,15262
461652,17862
467062,16892
467157,12402
462509,17771
459469,15422
465499,14770
464913,16912
465969,15174
464922,14895
463022,12594
464704,17504
462345,16387
461439,12664
461599,16618
465705,17277
461043,14088
467551,17094
464053,14692
459282,12970
461649,17889
464389,17644
464293,17714
461739,12916
465320,17769
463707,14450
465436,16085
464562,13659
465078,15167
460568,15443
459636,14224
466445,13742
460129,17673
465373,12727
463966,14068
465467,13068
460918,14368
465954,15497
465153,12559
466502,13819
460819,14501
464993,14782
463103,17861
466302,14439
466521,18161
464288,15820
460240,18136
459188,16660
465411,12693
465595,12625
466021,13396
461831,12935
462556,16730
467321,14541
459327,13551
461626,12421
463337,15797
467615,15052
463597,14130
463784,15222
459513,13615
465804,13901
465103,13158
464007,14257
463060,15218
461359,15110
467002,14534
465014,15967
459100,16757
464083,12854
464552,13815
460218,18008
460297,18277
467171,14389
464809,13703
463008,15339
464023,12744
467929,16222
461049,14341
465049,13168
460751,16943
461690,17515
464084,17082
465644,14248
459470,12609
462700,13002
465067,16133
464247,13049
459465,14548
463894,13405
466089,14049
459355,16043
467227,15812
459054,13837
463609,17118
466260,14616
464283,14233
465646,17075
461103,16714
464378,13098
462661,17027
460266,12591
462983,17786
459022,16124
463231,16409
465863,13754
463557,15227
467636,12997
463539,15215
459633,16918
462304,16882
466988,14442
467467,16496
464871,12764
462258,17311
467813,15910
459068,16949
462701,14970
466536,14701
465668,12645
462234,12468
460340,16767
466820,14738
462922,17540
465326,14239
464130,18125
463832,13328
462735,15549
464412,15864
464468,14662
463422,17180
459498,15057
460173,12574
463091,13330
467213,13552
461804,12853
466649,13538
460533,16755
465820,14133
466329,16523
461892,14659
463656,13141
462850,15365
460603,13707
460707,13709
463122,17329
467588,14805
462552,16897
466048,15579
467845,14595
459810,13161
461267,15415
466572,17431
464092,17463
467025,14502
466110,12528
462353,15448
459904,17314
462011,17373
462367,18145
460220,14467
461429,12908
462668,15144
467339,14776
461699,16403
464885,16407
460989,17619
462156,12778
461182,17256
460507,17604
462875,14006
461708,13600
459766,15058
462137,17147
459630,13881
462699,16612
465897,14627
465628,17356
462987,12477
463492,12836
462321,13939
460511,16745
459225,13606
467894,13494
465076,12929
467573,16419
465266,17035
462215,15203
466279,16515
467131,12373
459456,18202
460225,12775
463825,14549
462597,15981
466360,16110
465542,17376
465848,13110
459043,16716
463069,12676
459795,15940
464954,15971
459713,14665
463068,14457
464834,15589
462908,14411
464032,17560
459307,15226
462224,14460
465611,16156
466322,13728
461548,14127
461870,16378
466966,13894
459207,13824
465672,18250
459317,15270
464362,14188
465683,18017
462253,15421
459421,17446
459987,12414
460036,14798
461613,12990
461168,12350
459247,16992
460770,17337
465047,16405
467013,17071
465894,13873
462702,17362
465431,13394
466386,12502
467221,16333
464057,16030
467217,14044
462186,13800
463432,17672
466753,12464
465123,13581
459965,14540
466030,13539
462582,15885
461466,14497
459676,17507
464380,13208
466846,17334
465184,13871
459481,16938
467263,12754
465136,12410
464253,17929
466534,14778
466411,17517
462576,17226
467704,13137
465303,13725
467703,13309
465493,12842
461322,16109
461706,17291
463629,15090
465140,15199
459308,13911
459582,14194
460859,14842
461915,13584
466358,17105
459708,14438
459179,12956
462654,15781
466256,14410
465649,14600
467333,17302
465652,17613
460360,13334
464472,13955
467422,17162
463116,17774
460177,13809
465081,15407
467810,15577
465063,16332
462690,14048
467752,14475
466430,17859
465713,12576
462555,15753
459668,12599
461615,14562
461532,16951
465295,16998
459175,13133
463739,17881
464339,15843
465074,17083
465282,15970
460488,13590
464554,17537
462814,12401
462073,12462
459901,17843
460858,13706
461895,17940
467308,17686
467584,14431
466444,15809
462622,12561
460100,14465
466591,18093
462849,16027
463235,12857
466410,16425
464141,16842
464634,15796
461564,14555
463219,15114
461425,15133
464009,17705
460573,18087
460951,12897
462262,17512
467126,15550
462924,14676
462488,12505
461640,18159
465504,14304
460902,15638
459657,12943
465054,13875
464000,15406
460324,18084
462468,17282
465245,16434
467919,17050
463716,13171
463769,17472
464907,17255
460523,16084
462327,17667
463882,12507
464446,14631
462282,13381
467167,15236
459625,13475
466740,17829
461434,13717
465404,13157
462337,14644
461921,12993
463763,17571
467749,16979
464876,16738
463850,15122
460381,17612
460946,17348
464329,13893
467209,14035
461897,13623
462920,14346
460994,16431
462868,12616
459964,16317
462663,14935
464116,16073
467119,14477
465042,14760
464762,14897
460009,15810
460583,16509
467827,14386
463795,12455
464313,14530
463672,15670
459230,12653
462245,16126
462926,14609
460743,13414
464656,12823
467656,12352
460978,12372
467684,16494
467089,14959
466091,16148
464582,17422
467004,17175
458997,18257
466025,12362
464689,13018
464507,13718
459204,15382
467521,14754
462743,13151
459245,12654
463884,13085
463860,15903
459184,15785
459332,18138
460201,14379
464989,14211
467782,14371
464923,13425
459364,12852
462119,15228
465132,13012
466039,16182
463873,13489
467633,12714
462780,13904
462445,15755
461052,13932
460664,13799
465992,13951
463990,16765
463128,18172
463536,16566
460775,12891
464118,16466
459264,16115
464069,14162
461185,13301
465564,14803
466387,13744
462887,12988
465977,17323
462775,12707
460286,18094
466294,15129
466037,17361
466335,18155
465750,15321
461933,13477
466681,15065
466605,16980
461332,15146
461610,12365
467707,13410
460558,13044
465158,16441
460353,16014
459903,14520
464021,17994
463325,13038
459660,17002
466423,15722
465585,16349
462671,16913
459603,18114
463614,15303
465152,12845
460525,18188
466108,16045
465400,16573
465405,13421
465681,18196
466251,13285
460417,13184
460569,18151
461162,13804
459241,17499
463628,15397
467817,14276
460406,13453
464122,16394
459658,17711
462757,13865
459529,16940
464916,14289
465920,16208
463262,17063
465631,13149
467164,18068
467859,15932
461703,16692
460667,15590
466097,17171
464390,18231
465423,14004
461337,17139
463888,14513
460390,13118
465286,15974
460294,17830
460509,12565
461248,12582
464336,14231
467595,17867
466406,14880
465092,15121
459492,17117
461426,12945
467022,18056
467330,16072
459691,16838
466161,15543
461320,13751
466283,15847
463705,13851
465821,13501
467457,12633
466543,13345
463772,13870
465881,17034
459757,16592
464452,15712
463839,13362
462777,14470
464368,17388
466923,16841
459878,13753
467279,13666
465604,12361
460787,14481
466240,13792
466621,17663
464619,13973
462722,15990
467404,13493
461314,13684
463340,13261
467870,16598
462200,14147
465591,15951
461002,13971
460812,17516
467105,13630
460630,14157
462037,13636
461726,13610
463577,14745
463038,12781
464753,14036
464928,16057
467312,15724
464887,12458
460555,12598
466661,13675
461329,14227
459648,16668
460835,16667
463827,13509
460868,15874
462566,16187
467485,16339
467351,12509
465864,14046
467232,13292
466855,16427
467238,14056
467537,15656
463654,12811
459047,16518
462994,17165
464363,17462
462565,14620
463226,14740
461232,16462
467671,12428
460374,16078
463077,16915
462719,15676
459729,15709
459084,15241
467924,12933
465439,15092
462899,12679
466712,15319
467433,16212
462642,15257
460983,14656
464008,13884
461702,12866
464312,13166
462818,16389
466045,15416
461889,15733
467945,16678
464322,12834
465637,13722
462058,14934
459368,15067
462500,16128
466948,17770
461606,15622
466184,14473
466014,15104
462890,15643
464909,16792
459554,15031
462429,15636
463605,12873
459531,17923
464608,16217
459960,17738
459597,17426
464497,16957
467150,16571
464832,14483
466829,15087
459508,16709
463506,17856
466475,15053
462546,18218
467448,16159
462852,17995
462072,17374
463211,17789
464059,17416
463746,17652
465671,13476
461729,12817
464849,15393
461100,13014
466434,17508
467305,13931
466270,12541
463479,13382
467471,15220
459159,14570
465980,14447
467713,13557
467528,16449
461278,12547
466964,17325
460607,14995
462825,16414
459899,15681
460936,14670
458991,15675
460028,12584
464281,17535
463443,15400
460949,14903
466602,14499
459044,18211
460786,14504
465968,15572
460039,17107
462892,14247
462652,15554
465050,14915
461793,16136
460781,18280
463649,12614
466969,13344
462030,16621
463735,16225
464134,14214
460195,14012
464089,16356
466643,17654
461313,15026
460418,16517
461303,14817
467049,17092
459674,16242
466910,15869
466459,17817
463085,15234
461533,15764
461187,15806
461432,15819
463978,14586
459383,15944
464020,13340
467394,16917
464539,14407
461529,13908
464943,12758
466147,13975
466263,14730
461812,12623
466848,14367
467933,13373
463957,16712
462175,17639
465818,16426
467190,16495
467848,14336
462249,14507
459311,12759
462610,17049
467309,15206
467365,14013
461913,14645
462617,15071
465485,14112
461316,13026
460501,12881
460556,17864
463036,14936
461079,17138
465120,16572
464671,14165
465367,15367
467088,14291
463887,15632
460250,14297
465316,13899
464713,16471
465764,18183
467080,14603
460683,18173
460042,14854
463025,16625
459731,14064
460955,15308
462179,18086
463147,14350
462639,14930
465722,16080
464799,14727
461934,16778
459146,14077
461448,16808
466419,16475
465443,13265
459105,12520
459941,15049
463232,18149
464737,13654
467922,16652
465329,16766
466512,16801
465408,17164
466339,13226
462870,13043
464335,14352
461353,17351
463920,16768
463712,16693
467465,13956
463637,13708
466917,15918
464663,15671
460919,14962
465000,16807
461226,15125
467500,16871
461536,12901
464296,13452
463142,15493
461004,16005
462323,15388
467899,16804
461941,13499
461383,15047
466616,14193
464658,17542
460699,17080
460180,16392
462683,15106
464988,16214
466593,13716
464542,15150
465678,16061
467862,14226
459394,13121
460091,16297
461023,12994
461260,16152
463632,14636
460047,16040
460378,15793
464758,13358
460931,12849
463240,15182
461126,13299
459698,16383
461598,15381
465979,12597
463974,15030
466231,12435
459833,12955
462886,18189
467628,13946
467488,17716
465998,13185
459338,14840
466942,13216
467195,13650
466310,13533
467617,13268
459975,15433
464386,12937
462005,17603
465859,16216
464394,16377
466120,16976
460964,12514
461975,18210
462172,13631
464563,14422
464945,15648
463688,17725
461750,15861
464400,13072
463052,15695
461372,14110
463367,14059
467926,16672
461483,16511
467355,16256
466416,13591
460330,14066
459650,15483
466789,16626
466679,15019
459362,18270
466128,14315
462474,17921
459782,14041
463113,17060
466683,16023
462103,17133
459227,12878
467761,14155
459163,17043
462455,13046
460178,14633
462803,12948
460427,15703
466343,14071
461583,17134
466461,17795
462689,12902
462740,16444
461355,14232
465009,14693
467658,12407
462837,16728
463907,16096
462728,13985
461175,13592
464872,15140
460830,12843
459741,14408
461154,15408
464990,15445
467886,15452
459201,14223
463357,16619
460539,14762
462380,13934
459884,15669
461651,16384
465336,18224
461338,14245
461050,17678
460485,15855
467901,16036
463713,17763
464278,13262
461192,17152
462285,14632
463044,13900
463086,14875
459595,15132
461419,17272
465767,16135
460598,12831
460714,15437
466482,16809
461584,14711
462066,14377
463369,16374
466586,13196
464649,15457
463209,12613
466298,16721
466929,12399
466702,17733
459238,17102
463904,15410
463996,13239
462208,15449
461755,14870
466736,13821
466872,17096
467104,12604
463476,12818
463953,18191
462202,14461
467830,13132
463752,16859
461770,15245
466525,17486
462349,16308
463964,12564
459353,14607
459709,13249
461858,15644
460450,14075
466520,17250
467646,17966
460780,14129
463514,15651
465105,13035
460445,13341
462961,13512
463932,16620
459145,17698
465651,14267
463721,13736
467369,16022
461361,14235
465608,16769
464793,17754
463736,12408
462799,16063
459006,15178
460204,14348
465257,15815
466762,13695
464318,17979
459634,13139
465416,12545
467275,14758
462117,14536
460710,13662
460098,17946
465787,13743
463365,18078
464042,16780
467627,18273
464720,15045
461123,17625
465413,13357
465126,16777
465950,14476
466734,16245
466222,12669
466142,12792
467888,17765
461992,15083
460522,18010
459973,15249
460695,13760
464260,15624
464140,17749
465606,15068
459050,14538
462330,14851
459940,14021
466352,13037
463558,18177
460049,14128
464148,17874
465503,17719
465082,17931
459832,13803
464609,17398
466703,15906
466864,16253
461458,13439
459218,12888
462860,13588
462033,12456
467695,15521
463090,13720
459219,15674
460148,17594
461603,17775
466359,13988
464655,16657
466088,15424
461205,13316
462822,16788
459076,16584
463410,15364
463879,18108
462827,14272
461500,15980
461553,15832
467912,16092
465029,15528
460062,16398
462863,17088
460465,17438
460335,13060
466067,14790
463962,14890
459807,16386
463364,14818
463599,13571
462686,12909
462949,12619
460275,16698
461184,16681
460728,13573
462416,14957
460846,13918
459542,17212
459080,17781
463106,14886
464728,13626
466474,16609
461711,16180
460347,13462
467689,18263
460260,16960
466344,13841
466437,17701
460423,12949
459590,14852
464668,12569
463049,13169
460458,16162
462407,15691
459450,14195
463255,13781
462574,17758
465761,14023
467728,17669
465841,16142
460117,17648
466619,13059
461722,16224
460898,15223
463627,17886
460403,13294
459818,15289
463732,18185
462499,17956
467112,15756
459902,14747
463233,14719
467721,13015
465915,16586
464506,16105
460624,14546
462020,15442
464320,16906
467687,14535
461561,16170
465953,15244
463309,16696
459134,15145
464195,17492
467696,13525
459586,17409
466504,17783
466792,13863
459875,13515
463837,15917
465384,17440
462050,17045
465268,17140
461370,15201
464225,14964
466665,16031
462290,14403
459326,17042
464926,13771
460343,17906
463626,18272
464266,16144
464491,13731
467698,12580
463440,14912
463602,15530
464706,13950
467220,13752
460313,13892
465497,14446
465846,16209
463374,15754
462704,13712
462160,15800
461365,16469
464205,13005
459294,14981
460318,17928
467967,16261
461797,17883
462980,14619
462361,13995
461855,16643
461069,14246
467522,18040
463327,16837
459824,15119
461051,16325
461142,14924
461521,15109
459422,16623
467792,12999
467432,12717
464016,13962
464654,18036
459111,14958
459408,13562
466473,15775
464365,17054
460046,17268
466698,13548
460609,13508
459927,12447
467057,13570
466052,13232
464210,18129
465873,13632
459802,15665
464817,17550
465540,15655
460845,14286
459072,16188
465694,12656
466381,15214
460947,17574
467338,15737
467189,18080
466456,14311
463805,14339
462427,12982
462785,12701
466906,12596
461842,14273
462229,12363
462372,13549
462400,15414
466598,13203
466940,14628
461754,14326
461376,15935
459427,13655
462025,12910
465720,13577
466354,15251
463857,14111
465849,17160
464100,16172
461444,17972
461828,12463
464711,14844
462759,17278
465349,15212
459449,16729
463407,14998
466632,13484
464641,16697
460290,14931
462154,18236
464754,13740
460167,16454
461987,15230
463259,15134
464421,16309
461628,13544
459126,14262
460639,13134
465143,17589
460860,16097
467629,13122
461720,16966
460086,17746
465832,16175
467070,14834
459602,16348
463541,15147
462431,16131
461387,15813
461693,17058
466793,17704
466010,16933
465674,13772
459405,16249
465989,14198
465598,13989
466093,17930
462773,14154
467087,14482
465763,14163
462958,14105
467056,17601
461990,17142
464480,13811
461318,12457
467398,15135
464222,16806
465427,13952
460652,13120
463642,12769
462672,13516
466112,14323
459831,18079
463027,12639
462467,14700
461469,15027
461562,17367
467051,18213
465928,17029
462491,13220
460642,15985
460988,16193
460634,15172
461108,13692
464175,15745
463329,17582
466153,13474
467027,17697
459707,16639
466710,16947
465616,15491
463173,16617
465779,15265
465826,16226
463063,18009
463575,16399
466480,14623
463175,15625
462046,18064
466075,15508
461723,16628
460783,13647
465962,15594
462781,13479
466020,13735
461502,13376
463280,15717
466936,13719
460552,16633
459345,13101
464256,15225
467097,14152
462571,12733
463765,15436
460152,17217
463415,17734
459587,14905
460995,14148
465426,16103
461452,14626
460797,14868
466618,18246
462168,13485
465338,15517
463501,17115
460817,17120
459726,16611
463516,15912
466751,12506
463359,12670
463488,17588
465872,14759
460588,16185
460236,13505
460802,13389
459467,12354
466953,17631
459086,17061
464915,17718
460827,17630
464272,13223
461063,16146
467302,17109
461935,16587
459089,12622
462365,16750
459628,13482
467332,14512
460443,17670
462195,16834
466228,15108
461952,16942
467589,14640
466107,16823
462199,15237
466452,12573
467074,17854
464233,18220
462225,17436
465970,16965
460094,12840
467428,15891
465623,17187
467516,13637
462975,17991
462389,16418
461556,16099
465964,15768
460724,16637
460660,14240
466787,15143
467256,13229
467414,14973
466742,14271
466017,15952
463079,16227
459679,17893
465930,14022
464821,15210
460175,16370
466725,15376
465095,14655
465452,17615
463473,16055
463213,14149
467653,17501
463218,14191
461289,13282
459983,15582
465845,16230
462363,18146
460575,15976
461509,17443
460542,12886
461148,17974
464064,13524
460545,17955
459303,15128
462568,16610
462635,17394
464456,14173
465106,16258
467605,14948
466116,17384
461388,16990
466155,13762
467176,12593
459400,14340
466784,17429
460320,13711
466454,14515
467028,16457
464827,17527
465463,14199
464501,13888
460659,14423
463715,14697
461028,17522
466766,13867
462475,17624
465770,14393
466823,17578
463505,13450
467083,17423
467675,18241
464080,15668
462287,16319
466503,15757
461847,17174
461447,13365
459982,18227
463316,14145
466758,18235
464307,13741
461344,12394
463353,16832
467349,15258
462607,15552
467172,18170
464324,13723
462108,14005
459288,15561
460050,16121
464994,18142
464903,13642
461251,15117
463165,13561
460419,15704
465981,16007
465281,16232
463781,17410
466569,13835
466547,13427
464631,14353
465957,12700
459848,13003
461642,16756
467259,13492
459388,16440
463439,18120
464764,12355
467073,17723
460480,14699
464419,12821
463686,13055
459411,13320
463774,16357
463671,18242
466986,15865
465508,17597
463284,14397
465351,13242
464001,12684
459483,14288
466013,15063
459763,12592
466490,14591
463024,13990
463665,12749
463459,16320
462756,14691
461414,16229
463915,14920
463543,17489
462768,13404
461876,15729
462135,16644
458998,14731
466432,14277
464722,15187
460389,13052
460663,18133
463484,17664
467771,14649
462084,13235
463621,14883
467021,12976
459056,14681
467563,14421
459820,16116
467306,14988
464865,15489
463585,14364
466186,16006
459619,16184
466699,17932
465517,18221
459237,12590
461757,14853
466309,17658
466532,17764
460832,14651
461531,14000
467304,13601
463124,12757
461463,17970
464566,12770
462070,15826
464162,15907
466554,12695
462793,14342
465657,14873
460530,14689
464045,15440
465633,16076
462905,15333
466254,16283
460617,17263
465468,16877
466125,12674
465207,16642
463332,12871
459924,14038
466143,14489
466375,14888
462951,17190
465654,13456
460987,17898
461681,13976
462820,16139
467518,15730
467525,16266
465876,15123
464199,17505
462746,12690
463261,16446
467548,17556
460924,14583
463368,16818
459957,13572
459191,14009
462479,13258
466570,14463
459407,13192
467331,16987
463377,13417
467456,17047
463058,15116
467401,17469
464029,16647
466056,15630
467130,17245
465002,16008
463155,17871
459651,13529
459961,12620
466109,15599
461543,16813
459502,14859
459864,16463
460441,15791
461942,13658
462755,13887
465098,12353
459872,14551
462053,17166
467040,17926
465079,13391
467697,17455
466555,13308
463457,13856
462653,13243
461390,15095
460217,18048
463684,18287
463764,18150
465310,16690
462489,13555
465677,16038
459737,13972
465357,13227
462159,13657
461747,17176
465940,14837
464323,14682
467248,14921
463265,16341
459946,14647
463161,12710
460790,15292
463118,15705
460864,13339
461039,13885
460299,12360
462378,13546
463081,17715
460923,18160
462120,15434
463980,15734
461464,13737
466695,13213
465833,18018
467490,15314
459765,17521
467570,15042
464561,12863
459409,16091
462864,15804
461009,14593
459117,14287
464131,16763
464079,14705
462478,12562
465375,12815
461637,14522
459252,16448
461438,14584
463956,12974
459682,12987
459892,14816
467720,15852
463148,16624
460862,12493
460382,18232
461650,18073
467501,16369
459486,14280
467319,13135
459604,17345
463554,16275
467652,14338
465298,15402
462494,12876
467344,16323
463442,12426
467219,14451
464360,14823
462505,15897
459914,17051
461255,15925
462360,12787
466571,15863
465033,16483
464575,13398
465650,13070
464640,14819
459694,12790
465216,15163
460818,18204
463927,15124
459506,12473
467001,16969
460265,14597
464178,13917
461586,13062
461764,16484
459297,15184
459548,18135
463452,14453
467767,17900
465927,13437
465857,12517
460581,16529
459501,17531
466670,16239
460678,14500
459490,16117
460230,13248
463653,16967
463726,15405
467858,16659
466907,16880
467249,13435
465533,13131
462297,14891
460596,16682
462633,15453
467709,16963
467413,13682
464672,15152
465807,15462
462760,12449
466529,15349
464434,16849
462359,12802
464802,15073
467643,16298
461977,12535
461738,18248
464520,15386
464484,17252
465391,14542
460611,16825
466159,12380
463623,18072
459254,13643
463594,15969
465118,13283
460761,17015
459132,14375
461265,17124
463446,17987
467902,13395
460591,17828
464139,15743
466433,17414
459023,14622
466476,15609
460090,14561
461016,16872
464630,16358
462464,15238
459026,13466
464376,17360
465256,13510
461783,12406
467478,14241
463094,14132
463257,14963
465060,17169
461696,15252
466130,17731
460498,16113
459248,12694
464924,16107
462620,17483
462657,15679
467822,13686
460876,16581
461395,15267
460731,17234
463582,17797
461423,16614
460879,12409
467376,15411
463701,14178
466667,15098
464345,18281
467889,14984
461709,12516
463515,17265
460080,13617
460375,17242
466364,17289
465551,16018
463096,14704
460896,16794
460702,13761
466001,13517
465738,13936
460804,16342
464426,14177
465880,12732
461342,16205
459078,15036
460396,13589
461098,17579
463076,15069
460976,17349
465536,13080
460399,13663
460449,14503
463807,16774
459323,13384
459727,17101
463263,14997
466998,17155
466729,12809
462608,16461
465495,13343
461244,12624
459173,18165
465795,17536
467345,16324
467290,17651
462220,14222
465737,15585
459423,17490
464445,16739
461378,16276
462286,17193
463678,16257
465601,14285
462647,17642
465714,12816
466312,13826
459697,13575
460057,17157
464960,16852
459064,15219
461277,15014
463403,14765
463863,16869
467064,15909
467856,13618
462251,16050
465372,17879
463970,17562
463547,15334
465331,12450
460785,13568
461788,14820
461617,16744
460661,15700
463363,17299
462520,12837
461568,15076
464769,17444
466615,15921
465688,15747
462109,15840
459565,15016
462766,14808
466682,12904
459690,15825
459347,12432
465766,15389
467575,15280
459774,17159
464860,12830
464932,15507
461814,18252
463428,16526
459671,17695
464451,12930
464043,14960
461784,12444
463389,17960
462233,15412
463826,13763
465121,12798
466168,13849
459841,16114
467342,13420
459495,13780
464962,17877
460874,16247
463247,15041
460771,12379
465774,16287
463551,12919
464502,15130
461407,12704
465218,17370
466081,17709
467336,15253
462440,13300
459389,17759
466446,12465
464385,12412
467872,12697
459857,13937
466701,12615
461169,15850
459519,15186
460795,13791
464511,14795
466399,17768
465603,18112
466079,12548
459769,17386
462450,14104
460587,17110
461490,13895
460895,16545
465104,16671
467503,14351
460316,17391
467198,16824
460348,17750
467460,16200
466838,17997
463561,14383
466170,13461
463578,17408
461352,15537
465814,14327
467690,17837
463809,12424
460701,15578
461592,15584
467692,13745
459033,16498
466424,17891
459937,17123
466404,16866
463504,13730
459944,16589
464073,12922
462169,16009
463032,14053
467374,17939
459269,17312
466769,13833
465792,17899
462280,15007
464616,17464
465202,18265
464384,16344
466655,13338
466600,17024
467815,14034
464966,18203
467803,16616
466810,16338
459896,17046
464862,13109
461751,16829
466965,13217
465157,14002
462544,12977
464652,13291
466401,13583
461902,16929
463164,17892
461660,15505
466054,14459
464725,18013
463507,13681
465888,13699
466103,14493
461261,13486
462203,13302
463303,16012
465943,12635
462997,17031
460338,12461
460000,12648
462531,18121
459417,15901
466479,14918
460122,15920
466087,17353
459350,18024
460676,15467
463179,16174
461137,13678
467555,14690
464211,13058
461413,14552
467660,12556
461193,13224
460772,16989
465702,12358
459001,13207
467006,18122
466927,12722
464107,17405
460605,13311
459847,15051
460906,15895
459720,15795
463294,13669
463751,16450
465209,13667
461222,14400
464813,12405
462855,14265
463777,14847
463210,14862
461672,16488
467711,15256
459662,14716
466515,13933
464946,14857
460880,15306
459537,15839
463635,13994
467650,17554
467891,14332
459052,17266
466439,17948
464571,15004
460758,14722
462001,13507
460172,13967
466657,16054
461381,12833
464275,16474
463571,17984
460017,12589
462171,17448
460436,16762
459527,15369
459278,13154
466851,13940
460483,14029
466133,14117
459678,13167
464012,17779
464897,13991
463593,18101
464559,17065
463572,13827
466496,12560
461132,16764
459165,18180
461073,12521
467868,17866
459825,15802
463300,17229
467532,14456
462646,16464
465999,17962
461166,16149
460143,14259
463436,18143
465090,17935
466368,14517
466809,17694
462676,17660
466924,16041
466719,15623
460141,15829
467936,15232
465799,12438
461745,12627
465548,13079
459359,18262
461810,13563
460024,15506
462952,16305
461862,12864
462136,17724
464676,17703
461601,13116
466465,14019
462067,17649
460549,16178
466732,17040
467579,14100
465824,16557
464637,13296
463343,13814
467206,16364
466756,17693
462386,15372
467402,15618
464976,13930
464983,13379
466974,13194
462866,16447
466453,14305
463529,12397
463651,14331
463555,15261
464314,15105
461350,13813
462354,18268
462145,14855
461041,13925
461946,18237
466105,12453
467598,15639
464639,15118
463143,15746
465791,12743
464418,15942
460782,14143
467425,15120
461986,16147
461306,13277
465554,18127
467030,15149
461753,18081
464142,14511
467047,12716
461863,15776
460476,12981
464176,13106
463989,13928
462356,14885
459871,13388
466889,15438
465948,17173
461496,17941
462002,14947
462592,17053
465816,12534
464343,12844
459692,14567
460543,14937
463206,12828
467565,16984
467691,13023
459520,17553
460816,13075
464120,15342
463276,12644
462398,12378
461006,17788
463194,13850
462974,14076
463414,13805
460958,17887
463493,13186
467540,12750
466562,15374
459195,17656
463352,16102
463948,15089
464949,14972
461969,17514
462127,12917
467512,12689
461366,14768
464674,17584
460540,15254
466813,18099
459228,15205
462615,13218
460712,17267
462945,16302
459200,13513
465087,14720
459108,18282
467760,12610
464726,13200
462146,14079
464188,17298
461055,14024
461718,16066
467667,15198
461997,12885
460361,17331
460315,13016
463021,13500
467739,15247
463937,13355
462598,16053
467742,13919
462918,12384
465308,16292
463396,12571
466967,14116
465145,14495
466611,15494
463117,15608
462056,17248
465514,17653
460310,13645
461662,15469
464448,13307
461473,12381
461587,17122
459021,14406
465861,15683
465874,14301
460325,14658
460333,13621
467043,16272
461937,17958
467262,16836
465794,16961
460421,16902
462180,15706
462681,15480
465461,15315
459356,15653
459216,13159
465283,13189
467450,17637
465296,12641
461239,13470
463870,15786
467550,15541
459382,16734
463134,16706
459917,17070
463037,12688
461209,12729
461524,12962
465038,13273
461849,17736
459654,15472
463620,12680
466862,16582
463794,17747
461743,12513
466994,15396
467210,12418
460059,16828
466946,14712
462189,12991
466011,14772
462162,12364
463977,12968
466692,16330
465232,14566
461018,15701
465607,12518
467801,14529
465858,16536
467117,15313
462762,15801
462973,16201
466551,16555
461569,16952
459253,14387
467755,17073
459943,18147
465480,14523
466029,14418
466806,12642
466214,16968
462782,16723
461479,13411
461027,16340
460494,13236
460565,14196
465247,15263
465993,14314
459463,16093
460170,17844
463200,14687
458986,14050
467390,16429
459349,14055
467144,12715
460750,15663
464263,18200
462644,18167
463386,13644
463770,17451
459434,16641
467417,13812
461048,14141
461428,15074
461213,12492
464975,17183
461565,15325
462213,13778
467716,14869
460285,14096
461455,14108
467920,12814
467244,15866
463107,14660
463460,13726
462976,15690
467669,17777
461589,16278
463269,13276
464815,12436
465552,13147
463587,13045
467200,13099
462436,12739
463207,14420
463853,14436
459443,18027
466489,12794
464388,12832
467662,16674
466832,12375
464496,16173
465271,14171
467621,13434
467526,16761
464050,14067
460510,13808
462339,12851
467670,14335
464844,14965
464681,15136
467640,16629
459381,18261
461095,15307
464963,16820
461422,17309
460853,13949
461505,14360
467832,16400
466398,14208
465587,12526
467109,13130
460350,13210
466863,17481
459767,12685
465640,17573
462903,14452
463631,13889
467797,15488
467818,18222
459120,13244
464905,17004
463326,13441
466493,13823
466847,12879
464396,16603
463946,14824
466687,16910
467908,15652
461062,16362
466526,15035
464423,14508
465284,13272
463530,17317
462415,14212
460066,13372
464242,18255
465259,14250
460083,16796
461669,14432
461060,15782
459198,12883
466163,12965
465362,15533
464678,18215
464514,18158
463848,13375
462495,13431
462144,16211
461000,12884
459319,16141
467581,17919
463669,16360
460604,17433
464912,13704
466645,14020
459715,14359
463828,16451
467438,12940
463031,15216
465219,15522
467497,17037
462112,12822
461773,15343
465178,14753
465599,16959
459079,18251
460261,13032
466749,12895
459037,17640
465139,13860
465786,12756
465847,18001
459977,17728
461242,15933
464995,14284
461508,17347
459174,15103
465852,15707
466892,13430
463693,12566
464190,13321
459391,13877
462390,15272
467177,15322
461343,17333
459661,13518
459854,14306
458995,17679
459751,16160
466951,15573
459971,14894
465370,17434
462178,15466
463277,15511
461836,17846
466836,16189
464449,15417
461443,12995
459222,14557
459549,16108
462292,17144
467505,16924
463992,15099
459560,13323
464944,14124
459333,15975
467286,15523
459011,16878
467076,15947
462577,13247
460346,13566
459900,18194
462990,16689
464625,16438
464790,13067
460012,16460
459968,13325
464221,12640
465031,13774
465522,12497
465212,12752
461575,15504
460001,15500
460778,17557
460700,13228
460616,14356
462665,13416
461945,17628
465798,16527
461201,16428
465134,15341
462893,16215
459208,14164
461896,15888
459868,17564
464568,13356
462492,12390
467559,18228
464277,17415
462798,13350
461924,12550
460998,16627
463630,17475
462173,14951
463569,14780
460044,14887
461026,15399
461468,17466
467224,16379
462879,17172
460349,15239
459591,16213
459133,15603
465465,14261
460231,12657
461111,15571
459203,15484
463540,12936
461971,16236
467183,16669
466548,15398
460747,12906
459721,17079
463204,14125
467618,17163
467903,12952
466249,12579
464467,13279
461138,12425
463392,16715
466671,13519
463017,12546
463908,15744
464154,13127
461272,15714
461765,17480
467099,15763
464151,15075
461304,16978
459569,14014
461457,16240
467851,13336
463510,14652
465519,15807
461092,15762
461180,15475
462473,15978
463028,16485
461276,12488
460940,13083
462955,16169
467725,17506
465217,16480
463657,17006
465851,17498
466561,17131
459577,13536
466818,15429
464543,17154
462640,16594
467649,16049
466016,14757
462547,16198
462963,13670
466305,18066
462631,14806
460706,12783
460282,13429
459041,15154
460114,13390
460147,12925
462123,13927
465768,18205
463236,14908
462487,13639
463954,15958
466609,15492
461741,15243
464416,16468
467513,15344
465428,13866
464632,12612
462999,16999
462554,13514
460075,13314
460838,17805
464889,18278
465490,13979
465909,16181
465117,15568
459085,16354
464709,14412
460572,16119
464612,14109
465424,16157
463093,15348
466803,16281
463248,13924
464155,14434
467424,13061
465220,17513
463004,16909
463315,16650
466498,18192
463234,17447
462453,17427
464486,15175
467111,13960
466355,17528
463230,16361
463127,13886
465018,13354
464940,15050
465294,13503
461525,16653
460058,16574
464692,13759
466342,17813
459214,12718
464243,15949
467273,12703
459652,13364
466187,16268
466421,18053
461541,16101
462709,15565
466233,18217
461881,13954
466371,15593
467717,13095
464917,15287
466031,13347
467039,15185
464334,16404
459185,16613
460580,16591
464808,15774
465583,13558
462042,16930
460013,16533
461776,18059
467251,14488
464937,16747
464072,14333
460836,13635
467323,17330
464245,17321
459030,14815
459059,15091
460926,15088
463803,15930
466540,16183
459083,13297
467699,13801
465773,16881
464984,17014
466215,15255
460508,14184
460229,13351
459735,15739
459289,12512
461853,17957
465345,15276
464513,15127
465806,16106
463534,17666
467053,13483
459730,16478
464269,17382
466839,12789
466510,16020
464299,17222
463773,16803
462133,13947
466895,16758
460848,12719
459324,17647
467214,14054
462009,12723
464929,18033
463149,13845
463447,15837
464833,12628
462088,13177
459992,14317
462270,16295
466711,13602
459614,16895
459850,17295
460665,13504
462841,13422
461761,15264
461573,16432
463199,13816
465317,14518
461832,13882
464596,15937
466059,12923
463104,17453
459990,15766
463330,15300
459893,13348
467212,14592
460913,14792
462266,17030
461020,12420
462838,14427
460159,12519
460974,13359
460312,14138
459919,15297
467381,13876
461707,12740
462461,17086
465378,13806
459533,18096
461091,13587
466467,12856
462476,13419
459197,17509
464357,16900
459915,13689
459547,13755
463319,16104
466323,13259
459363,16248
464700,15612
461794,15787
462563,16595
465922,13260
464341,15821
467529,18088
464294,16685
461923,13193
466843,13212
462880,14801
464402,16380
462596,16921
466841,15193
464536,14027
462765,16179
461364,15473
465836,17425
465208,18169
460416,18126
459787,16688
464276,16982
460560,15330
467449,17186
467625,13685
460559,16776
463847,13980
464669,13352
465472,15553
461393,15886
463141,17203
464149,12607
461777,17459
464505,12772
463345,16561
459609,14121
465412,12371
465195,17119
462550,17620
466896,12824
463851,14710
462452,16120
464399,14624
462257,16171
464782,12536
465624,13690
462508,17934
465085,14642
462872,12602
467535,16753
465793,17737
465892,13464
463666,12667
459015,12498
459699,14537
466189,17279
466348,14251
459461,12446
460620,12631
463318,14234
462626,14975
467554,13853
463502,16773
466651,16430
466885,16793
467439,18130
461749,17614
467134,13858
462753,14856
462259,14089
463537,15478
463217,16413
463689,13810
466380,16416
463101,13006
466366,17986
463864,12454
465716,14910
463014,16243
459808,13878
462443,16934
460453,15994
466485,14547
467445,16052
459448,15113
463500,12475
461507,16542
465918,18042
467533,16563
467029,17201
465749,17520
460768,13923
460146,16412
464998,17205
467715,17534
462201,15335
467454,16737
460645,15066
465129,17206
464264,17785
465913,16932
461068,16363
466689,14830
460071,17244
459817,15355
460477,15598
467766,15637
460008,16848
463775,15678
461820,14015
459226,13594
460961,15327
463503,14861
466365,14554
462632,12611
460404,14179
460492,15604
461571,14381
467624,12572
463880,16123
462846,16851
459233,17148
464751,17549
465939,17973
467118,15610
463815,15853
460871,18019
459127,14698
460675,16826
460165,17824
461678,12522
465096,15803
464522,15006
460886,17350
462302,14799
462184,15814
462956,16260
466422,14638
465324,17354
460668,13245
466275,14923
467257,16177
460254,13366
463158,16284
467866,16846
461685,14484
467875,13897
460208,14585
462151,17125
462853,15836
465239,16313
461624,13460
467508,12403
467318,14967
466867,15286
467738,17832
465590,12646
464980,16015
459805,16311
465013,15728
459240,15740
462344,13974
460388,15677
464218,15000
466589,16017
467556,13471
459887,13598
465955,18005
460033,15427
462928,15022
460889,17111
459669,17836
467849,14629
466873,15592
464837,15277
462581,16491
466237,15516
462707,14764
467060,16742
464794,15142
460281,17344
460164,18240
460431,17081
466901,14474
463328,14139
462246,15844
462371,13176
462022,12398
460662,15345
464022,16708
461819,15963
465735,18045
462804,13182
464138,15158
464224,13028
463289,13978
463223,16056
462038,12812
463341,16071
463185,14539
459258,14550
464379,17712
464521,14102
459575,14598
467732,15320
460003,16415
462226,12448
461274,12827
462992,16345
466675,15993
461124,17895
464638,15948
462374,15659
463526,18154
462912,12630
462604,13363
460708,18276
467015,17684
464745,17878
467245,14752
464798,16847
463619,14971
467246,17545
462969,16026
460959,16513
461911,12430
459882,14357
459632,16855
462613,16680
466455,18035
462394,16648
462010,16164
461371,14218
462376,15096
459845,18030
462658,14416
462583,17839
459858,16601
459091,12912
467135,13278
460413,14582
466206,15748
463192,16079
467382,17590
466750,15054
463801,14158
467296,15385
460651,16506
460296,13822
463524,18067
461775,16190
465711,15444
462833,13607
465506,12581
463366,15360
464987,13103
459114,15667
467928,13651
462881,12552
466524,16127
463191,12588
460861,15977
465610,13697
460206,14345
462876,17503
465333,16830
463121,17495
460379,12491
462991,14485
460307,13868
464383,15423
467931,17668
466594,16971
461200,16352
465600,16884
459688,15830
463549,14216
466696,15275
462906,16790
461527,15576
461354,18105
462483,18164
463938,14974
461661,17947
463532,13318
465627,18104
465242,13271
465170,17595
467359,14528
460415,17432
465984,16337
459432,14098
464241,15551
467141,16347
466933,13721
465035,16322
461415,17403
461957,16914
465523,16602
459631,12544
465279,13914
463782,13467
463243,17221
465489,17078
467100,13447
460154,15010
459753,18022
464030,16318
463220,17274
465237,15597
467564,17233
465113,16887
459516,13938
465965,17084
460907,14882
467314,15017
459951,12882
467295,17387
466212,13727
463533,13532
467890,16445
467541,15156
460183,16372
463634,17608
463100,12638
460550,14174
465867,14039
462964,13040
466685,15883
460719,14664
463005,15526
466377,17831
464796,15025
460682,12357
459744,17761
460084,15870
461119,14080
463441,17623
466971,13673
463208,14073
467877,16070
464471,13066
467360,14929
461576,13710
461966,16732
463398,14140
466096,17219
464433,16505
461082,15957
465942,18123
464354,15043
464252,17313
463463,18216
465592,17022
462214,15153
466707,16759
459956,16751
460847,12893
463222,14836
462816,17011
461979,12532
467170,17038
462609,14968
466332,12504
459594,16516
464147,13522
463007,15986
464119,13992
463310,14354
465706,16986
459826,16953
466174,18274
463596,15450
465455,15531
462867,17500
459140,17197
464295,16025
460067,12659
467222,17461
461482,17791
462514,15463
459796,17977
463722,12617
462278,14863
463799,16903
464259,12508
467159,17502
460669,12538
462003,17901
461216,14789
464298,18209
465039,12985
467973,15557
467731,16433
461721,15692
463166,17052
465944,16368
461061,18014
463010,13732
464756,13091
467366,14661
464006,13170
461206,15654
466216,13146
463690,14788
465929,13603
461736,14382
460402,16720
467367,14904
464770,14494
464918,14902
461639,16936
464254,12938
462579,15168
466976,17538
467079,18082
467724,18117
459792,15458
464789,17566
467143,16207
464370,12762
459415,17793
459387,14953
467895,16504
459838,12374
463695,15009
464512,16423
467419,15419
462511,17510
464124,15758
459638,15524
466194,14725
461807,14666
460456,14714
462932,17153
461297,12950
464430,15720
459416,18181
464743,15556
466276,17357
467829,12890
463813,13449
461733,15269
466925,14385
467846,15900
459596,17680
460597,13926
467788,16204
467966,17896
464503,17835
460242,15432
467014,18006
466637,15657
462553,17237
459287,13160
464074,12847
463734,17397
466575,17985
459193,14362
462143,13828
467700,15435
467140,12445
463356,12603
466797,14641
459234,12618
460442,15621
463901,12391
465494,18034
461552,17286
459239,17904
466379,17301
464759,15368
461994,14793
461802,17650
462527,12702
461800,14881
460933,16784
460189,14052
459031,18110
464673,17561
459101,15988
460136,17523
460973,14950
460187,16666
460679,14860
459700,17636
464787,13832
467201,13142
462614,16366
460813,14300
462698,12349
463344,12658
463633,12795
466278,15567
464964,15645
462317,16406
467353,15857
464169,12984
464553,17253
463518,13739
459711,18139
460788,15274
459392,17010
467887,15115
467743,17100
460368,15699
463126,13403
467046,16956
463099,17600
462439,15877
464182,14424
464810,13322
464234,17297
464683,13986
463349,12920
465866,18249
465261,15634
459780,16376
462031,16811
464933,12452
463941,14581
466842,14675
459014,17290
462420,16343
465250,13638
466513,16482
461791,12784
467160,17458
464586,14785
461391,17254
466658,17767
459728,15725
464618,17247
462219,18184
467553,15428
459655,17727
462182,14756
459119,16856
460721,14703
459517,17385
461441,12531
465390,15872
466160,14966
463842,17232
465902,17468
467034,13332
466247,14946
465747,13256
464203,13596
462373,16024
465364,14954
464280,17885
460993,14093
464227,14893
461141,15721
465297,17852
467282,13844
459790,12479
464670,12660
462093,15540
459398,17379
461136,16800
461379,17806
461956,17359
460283,13188
460337,14480
463275,13349
461234,15619
466861,15148
463177,14601
461874,15783
462506,17772
466868,14126
461253,16479
460466,13428
461830,15790
464748,13521
461904,14349
466737,18058
459153,12953
467562,12966
465168,15060
459162,17911
462831,14804
465576,15904
464474,16789
460566,12558
465169,17942
460235,12587
462580,13560
467313,15539
460400,13017
463406,18174
459135,13153
465862,15773
462972,17936
466284,16535
464410,16988
466005,15097
460821,18015
459206,16597
467571,13790
461156,14219
465515,12367
460883,17383
465380,12478
467435,15992
461218,15318
467186,17914
459827,16528
461859,12442
467821,16569
462525,12650
462787,14578
459055,16000
462605,15195
461252,14087
464340,14204
461872,15471
459746,13436
466274,15520
467499,13298
467423,14569
463865,12713
467504,
458984,
459142,
462993,
467947,
466389,
460632,
465626,
461768,
462242,
466949,
465479,
464845,
465066,
466817,
466436,
467974,
460341,
467463,
466235,
459371,
460233,
466094,
461451,
460473,
461786,
466745,
460124,
459910,
464082,
461487,
465188,
467255,
466993,
467151,
467480,
464403,
461518,
464848,
460715,
466963,
466508,
460125,
462325,
461537,
461679,
463559,
464330,
467018,
463160,
467736,
466104,
467825,
466599,
466724,
463062,
467881,
462578,
459177,
459232,
459302,
467019,
462122,
459776,
466074,
461528,
464375,
460138,
460232,
464444,
467783,
460497,
465124,
464602,
465581,
462750,
461258,
464958,
462537,
462268,
460920,
463816,
461712,
461846,
464315,
467607,
459259,
465224,
463181,
467932,
466876,
463401,
464071,
464202,
467163,
463453,
466795,
461932,
467280,
463658,
460579,
462310,
460321,
464537,
463335,
467346,
466126,
464058,
462232,
463034,
459543,
459635,
464097,
466930,
463866,
465387,
463246,
459719,
462241,
462198,
463283,
466983,
462812,
462496,
461782,
460405,
460757,
467396,
466546,
459138,
464830,
459194,
465043,
461435,
462512,
467677,
464216,
463279,
460395,
462308,
461309,
459310,
459786,
467215,
460613,
461682,
466979,
467077,
465605,
463896,
463481,
463323,
464033,
467637,
465456,
467831,
466041,
464285,
465697,
465199,
466057,
467327,
460495,
466180,
467954,
467915,
464786,
462811,
459220,
461196,
465069,
464959,
460537,
461019,
467240,
460116,
466319,
465801,
461686,
459263,
460487,
462947,
463875,
459704,
467741,
464978,
465402,
465191,
459459,
467458,
459223,
465762,
466882,
463170,
462296,
466625,
462043,
466777,
459959,
462470,
460805,
460026,
463244,
463902,
462032,
467291,
467847,
462243,
466626,
464372,
465005,
466185,
462165,
464740,
467391,
463753,
460892,
459852,
460777,
463202,
466973,
460739,
459217,
462148,
462265,
460455,
462402,
459386,
461526,
466782,
461538,
460736,
459859,
466252,
462240,
466920,
466293,
466926,
464422,
461517,
466763,
460822,
460957,
466715,
459843,
459653,
460045,
464249,
467723,
459764,
466664,
464867,
459742,
463768,
465636,
467639,
464760,
464986,
462024,
464730,
465823,
465546,
460460,
467202,
467184,
465327,
459314,
466072,
466086,
459343,
459224,
465473,
466887,
463682,
460963,
467033,
463883,
466716,
464251,
463843,
461476,
467787,
463130,
467722,
465241,
460345,
463512,
466255,
463449,
459276,
460564,
463644,
466253,
463760,
461717,
462733,
466146,
461866,
459876,
463434,
461869,
461228,
462962,
465869,
464181,
459740,
463852,
462774,
464567,
459271,
460990,
463802,
466672,
462919,
463153,
460464,
461375,
467956,
467024,
461146,
462388,
460355,
461854,
458985,
466356,
460078,
464969,
461769,
465193,
463548,
467116,
462140,
461577,
460740,
466844,
466085,
460150,
467955,
463242,
466833,
460371,
465180,
461279,
459109,
467519,
461398,
467188,
459318,
461823,
459732,
461317,
461459,
460429,
464577,
466552,
461231,
463650,
462674,
465275,
465684,
465492,
464510,
463588,
466341,
459397,
460888,
460272,
460612,
462530,
462227,
459684,
459568,
464517,
467892,
461012,
463003,
467592,
462366,
465908,
466759,
463400,
467075,
462087,
462522,
459615,
464899,
460157,
467794,
461040,
466443,
463975,
464063,
461917,
464055,
461326,
467196,
461633,
462045,
466264,
466289,
463562,
460089,
459336,
467350,
463565,
463905,
467269,
464934,
463923,
465445,
460517,
463661,
459370,
466019,
467107,
461683,
459053,
466894,
460005,
467969,
463120,
466106,
467644,
461976,
460885,
463692,
467674,
465982,
464349,
467113,
463881,
462247,
463886,
460304,
466458,
465830,
462889,
462449,
462101,
467558,
467247,
461663,
459571,
459385,
466191,
465062,
467108,
466957,
463298,
461155,
466650,
464633,
464469,
459710,
465319,
462041,
459539,
466158,
460430,
461953,
463982,
467546,
464861,
459667,
467447,
461373,
464587,
467811,
464333,
466978,
461705,
461161,
467860,
462409,
461093,
466350,
462273,
460512,
462320,
465355,
462877,
466259,
462424,
459028,
463708,
461405,
466656,
464409,
463754,
464628,
460447,
466754,
465023,
466954,
460274,
466507,
462281,
462930,
465125,
464127,
462164,
463949,
460380,
461324,
463482,
465723,
467948,
464473,
467325,
462017,
463152,
462174,
461511,
464095,
460096,
462129,
464111,
463699,
466307,
459980,
467115,
464261,
462098,
460002,
467322,
463584,
466633,
460966,
461084,
461165,
461454,
459284,
461116,
459235,
461377,
467840,
462362,
462217,
464325,
460063,
460727,
467612,
463317,
466036,
459320,
464457,
463702,
463890,
467420,
466871,
466878,
462660,
466691,
463182,
463321,
462532,
464588,
467436,
465260,
467566,
464284,
462895,
459460,
461985,
463168,
466853,
464840,
460135,
464814,
464856,
462940,
463083,
461283,
459487,
466181,
462465,
464780,
466741,
465385,
464270,
467807,
466118,
460068,
467444,
460937,
459550,
461539,
464228,
461593,
461949,
466171,
462682,
463384,
460584,
467502,
459433,
467452,
462501,
462121,
464890,
461172,
460855,
461268,
465731,
462861,
458989,
463527,
463293,
465166,
460194,
462711,
466932,
467769,
461898,
460840,
466137,
466607,
462939,
465698,
461240,
461357,
459512,
467775,
462871,
464454,
459879,
466802,
459074,
462539,
460133,
461780,
466945,
463922,
466328,
466195,
462300,
460412,
467823,
467726,
463061,
460134,
463237,
466770,
464198,
459344,
464152,
464104,
461034,
460755,
465019,
462902,
460060,
465739,
461695,
466297,
465544,
466207,
464431,
462397,
460014,
460202,
459834,
464011,
460048,
464546,
459687,
467737,
463936,
460422,
467784,
467067,
466779,
465661,
459616,
463745,
466706,
467816,
466418,
467882,
463914,
465498,
461070,
461171,
467403,
464382,
465449,
465190,
467310,
463131,
467301,
466202,
459945,
465187,
460253,
463216,
465615,
462055,
465234,
460720,
467582,
466046,
467622,
462664,
461731,
459061,
462630,
462311,
461396,
464900,
463445,
463824,
459451,
459070,
463674,
460119,
465227,
462612,
467610,
465159,
465956,
462422,
466266,
464573,
463306,
462065,
463456,
461914,
459779,
466663,
464504,
465883,
465262,
466205,
464128,
460482,
466055,
465511,
460106,
467527,
460927,
464172,
461442,
459851,
466179,
459019,
463945,
463274,
459606,
462807,
467654,
467418,
467712,
465299,
461616,
461547,
460811,
463891,
467534,
462748,
459380,
466783,
462832,
461134,
465741,
464785,
464902,
460629,
464271,
467408,
461822,
459378,
463818,
460644,
466743,
464212,
463709,
466145,
465679,
464436,
459094,
466183,
461102,
463012,
462211,
459639,
465687,
465742,
466324,
461827,
459403,
459442,
460424,
461170,
465931,
466800,
462869,
462678,
466391,
464701,
467125,
461190,
461691,
461208,
460052,
464999,
462191,
467045,
459104,
462558,
460342,
466647,
459038,
460074,
465016,
459842,
466230,
467096,
466012,
467059,
463023,
464557,
467052,
464461,
464733,
465433,
459799,
466808,
459321,
464035,
466975,
467524,
460270,
465529,
464246,
465639,
464346,
460953,
464556,
467762,
467285,
467128,
459503,
466402,
466834,
467710,
461559,
463227,
464779,
462883,
459018,
459464,
466774,
459920,
467906,
460386,
467069,
465025,
466984,
462650,
459510,
466229,
466856,
461623,
461839,
467883,
460038,
467744,
462385,
462916,
463339,
460981,
458993,
459966,
459538,
459424,
465975,
464600,
465760,
466577,
467324,
464387,
462481,
463042,
465365,
463762,
460914,
466123,
465803,
460506,
463066,
465110,
461445,
466330,
461578,
466363,
461118,
465568,
459130,
459629,
463892,
461950,
463499,
467946,
461540,
462679,
459181,
463612,
463393,
465527,
462316,
467510,
459755,
466049,
465211,
460367,
463591,
464585,
463698,
462114,
461856,
467511,
464593,
459643,
459695,
460213,
461046,
463409,
463299,
465719,
463448,
466248,
462802,
463205,
465648,
467774,
465525,
467776,
460850,
463919,
460809,
465708,
467138,
459003,
466167,
464257,
464479,
464204,
460073,
460289,
464052,
459069,
465800,
461497,
464005,
459588,
464477,
459476,
464432,
462264,
466257,
460121,
463640,
464462,
461024,
464229,
466680,
459557,
466063,
465205,
467476,
463724,
465868,
466148,
464273,
466641,
467044,
461312,
464450,
462929,
467900,
462155,
467651,
459686,
466985,
465258,
467718,
460288,
461991,
460110,
460128,
466614,
462573,
465346,
465022,
459931,
464538,
464708,
462303,
464114,
463638,
461074,
463351,
466223,
464550,
460641,
464560,
459106,
461492,
462185,
463967,
462421,
467587,
466767,
460401,
460372,
464086,
464705,
463791,
461514,
464078,
459251,
460470,
462923,
461017,
465700,
460113,
461047,
466073,
463201,
464941,
462909,
461345,
461939,
467552,
461882,
467800,
465997,
462291,
466981,
467397,
462589,
467957,
459426,
460264,
466916,
463822,
461203,
459124,
467011,
467495,
464292,
461065,
461010,
463109,
462480,
465229,
462074,
461645,
463662,
467798,
463756,
466581,
464680,
464727,
466413,
462847,
462625,
459048,
461348,
464719,
465561,
462585,
463976,
465617,
464044,
466880,
463333,
462507,
460589,
460615,
460754,
464170,
463660,
466200,
460999,
461327,
461178,
465150,
462882,
460544,
459979,
463157,
466169,
467427,
464392,
459065,
465810,
465156,
464112,
465877,
464321,
464337,
465566,
460394,
460962,
465323,
462152,
460384,
461760,
461075,
461512,
465276,
464935,
462670,
467270,
463221,
464358,
462181,
459178,
466117,
463683,
462720,
460223,
465829,
461523,
461099,
467405,
467958,
467283,
463238,
460228,
464123,
467441,
464110,
460943,
467603,
464973,
460576,
466635,
461085,
465850,
467694,
462497,
465732,
466032,
459759,
465399,
459107,
461135,
462557,
460769,
465839,
463187,
464070,
462826,
462099,
466628,
462844,
463045,
462236,
467429,
460029,
465393,
462091,
459860,
461636,
459431,
459419,
459806,
463080,
461044,
467770,
463245,
459281,
458983,
459815,
461038,
465287,
465313,
464529,
460391,
464744,
462741,
460454,
461506,
460207,
463486,
459736,
467187,
460247,
466384,
462763,
465660,
461493,
466282,
460111,
465305,
461947,
465008,
459928,
466639,
459402,
466470,
465914,
465675,
461815,
461335,
461974,
463267,
464201,
463942,
459092,
463472,
461264,
462379,
461554,
465778,
466426,
466721,
465822,
461779,
465537,
465044,
459171,
466303,
464547,
462584,
467399,
462082,
462575,
459895,
459644,
466587,
460082,
461380,
465475,
459883,
466686,
463750,
460327,
461349,
465350,
459473,
460893,
461665,
461981,
467685,
465524,
459605,
464220,
463450,
467481,
465958,
461384,
464478,
465549,
459267,
467293,
461875,
463971,
461789,
461909,
459556,
465244,
466937,
459296,
459352,
461225,
460097,
464235,
463212,
460925,
461189,
460803,
464881,
464694,
467161,
466640,
464054,
459154,
465734,
466612,
463282,
460681,
466944,
465376,
465273,
465162,
459784,
461057,
459522,
464910,
462238,
461826,
461301,
462995,
464331,
464487,
465647,
463730,
467132,
467120,
467802,
464985,
460224,
460303,
465923,
461948,
461194,
460590,
463291,
466530,
461321,
466623,
466062,
465252,
461031,
467230,
465374,
464159,
463064,
462927,
459428,
463270,
459921,
462564,
462434,
463625,
465871,
461131,
463151,
459794,
462770,
467590,
465004,
464851,
467383,
466277,
462115,
463958,
460023,
460085,
463930,
463458,
467147,
461930,
464398,
461133,
466382,
466914,
459986,
465102,
459209,
464174,
461516,
463252,
462795,
461927,
467337,
465645,
465844,
460425,
461181,
460305,
461290,
460256,
466825,
464051,
464643,
467239,
461113,
466980,
463663,
466077,
462641,
460520,
466429,
460161,
461579,
467155,
460746,
464901,
462685,
464238,
466135,
465196,
463110,
461549,
463820,
462819,
462456,
467909,
463391,
467211,
462256,
459491,
464664,
459925,
459412,
463224,
459066,
463387,
463714,
462052,
463304,
463521,
464703,
463542,
463425,
465353,
459696,
462147,
460815,
463413,
460481,
463336,
462485,
465676,
459357,
464428,
465341,
463295,
467750,
461877,
467793,
466816,
462271,
463677,
461400,
466140,
463435,
463858,
459777,
463545,
462188,
465966,
464869,
459564,
459099,
459559,
461054,
465994,
461243,
464163,
459781,
462021,
464004,
459918,
463783,
465725,
461150,
466022,
462086,
459627,
462524,
462764,
462907,
464766,
467608,
467763,
467972,
459484,
459622,
462023,
461484,
459020,
466028,
460362,
464171,
465144,
461861,
467843,
459017,
463606,
467871,
461730,
467514,
460529,
463169,
460646,
460102,
460490,
459511,
466601,
467616,
459659,
459811,
460087,
466723,
461580,
465026,
465825,
467844,
463348,
466314,
462518,
459601,
461806,
459584,
463133,
459856,
460986,
465360,
466869,
465884,
459300,
461485,
466579,
467706,
463125,
463673,
465899,
459703,
464317,
465093,
464361,
459299,
462334,
459989,
464757,
462293,
462638,
464820,
465709,
462277,
465223,
464776,
465228,
461368,
460698,
460435,
465080,
459272,
466578,
466646,
466408,
460948,
462244,
459410,
466668,
467437,
465267,
464465,
463849,
467191,
460970,
463943,
463778,
462792,
459739,
462894,
465963,
466791,
460807,
462328,
460618,
460041,
466840,
461585,
460538,
462570,
461845,
465182,
463868,
464028,
466438,
462196,
463043,
464316,
466595,
465240,
467303,
465388,
462014,
465401,
461096,
462801,
463829,
459770,
461421,
463737,
462433,
465311,
464804,
464721,
465131,
467371,
465348,
459004,
465290,
464165,
462502,
467572,
464117,
461688,
467148,
460130,
462425,
460326,
465903,
461961,
467855,
459213,
461120,
467927,
466908,
461042,
466497,
465027,
463550,
462943,
462954,
463567,
466124,
463354,
463461,
465586,
466178,
461929,
465752,
462931,
467853,
467277,
459049,
464098,
459438,
466815,
459747,
461014,
462007,
465446,
461416,
463089,
463373,
461910,
465470,
465985,
462715,
461925,
465743,
463675,
459712,
464305,
467178,
464185,
467082,
459948,
465991,
465407,
466225,
465321,
461843,
465935,
463758,
464651,
460526,
467085,
463965,
467156,
461347,
462113,
461299,
466760,
459760,
463972,
462051,
467431,
463466,
460479,
461033,
460839,
462426,
461431,
461121,
467149,
461809,
463793,
460168,
463931,
463046,
465377,
460020,
461878,
465802,
466956,
462559,
464811,
467260,
458994,
459772,
464895,
460625,
465263,
461147,
462441,
459828,
460328,
466448,
463556,
461109,
460557,
466066,
459457,
464404,
463538,
459613,
466588,
460112,
466744,
461821,
463993,
467779,
461144,
464308,
459819,
464509,
464061,
466064,
461999,
466913,
462627,
465765,
460245,
460158,
460703,
465625,
466857,
466828,
464679,
464145,
465543,
467630,
465726,
466218,
459645,
465521,
460300,
466821,
466367,
464898,
459477,
464698,
467129,
462712,
465632,
460735,
467812,
464950,
459562,
464839,
465959,
463624,
466227,
463056,
465334,
460595,
461618,
464955,
459642,
460844,
463188,
463889,
459509,
460211,
464838,
462134,
464635,
465213,
460317,
460196,
463643,
459285,
464558,
463950,
464657,
461922,
465421,
463617,
461574,
467638,
460762,
467568,
462623,
459762,
460408,
461089,
466866,
467781,
467867,
459309,
465040,
462387,
459621,
463646,
462810,
460065,
463999,
461785,
461238,
464200,
465819,
462018,
459275,
461498,
461894,
461176,
460759,
460570,
463928,
465753,
467354,
467326,
461331,
462744,
461436,
463057,
467609,
466451,
463680,
463589,
460459,
459128,
464957,
464835,
466428,
466210,
462351,
460015,
463355,
465354,
464373,
459611,
466487,
462166,
461056,
461488,
465745,
464415,
462727,
463268,
462085,
465226,
461465,
461409,
467791,
463761,
466098,
460471,
465783,
467796,
464859,
467386,
461984,
467205,
464525,
467103,
461067,
462569,
462069,
465614,
464822,
460252,
466603,
462884,
462418,
465699,
466488,
462783,
467063,
461919,
461844,
460600,
462636,
464981,
466034,
461078,
465664,
467037,
465474,
459158,
461545,
463819,
464397,
464003,
466221,
465172,
460621,
467702,
461036,
460376,
467348,
462595,
461195,
466353,
466464,
466287,
462035,
463082,
463600,
463679,
465812,
465048,
460025,
466764,
462125,
459551,
467152,
461174,
466420,
460051,
463144,
465438,
460438,
459032,
461199,
462061,
467623,
466119,
460952,
459024,
461632,
464010,
464405,
459189,
466972,
467072,
462448,
467078,
460437,
463830,
463475,
462237,
466804,
460184,
461287,
462039,
467482,
459081,
463048,
460711,
462984,
459447,
466008,
467567,
461001,
462836,
462176,
459580,
460160,
460808,
459640,
467199,
466939,
461796,
464686,
460843,
460370,
465059,
465531,
465925,
464828,
462230,
466154,
462197,
461692,
462019,
460763,
465740,
460865,
459991,
463564,
463749,
464037,
459180,
460901,
465312,
466585,
460444,
462209,
462649,
464132,
467601,
464458,
466346,
465471,
460179,
461833,
459801,
461719,
460831,
463833,
464974,
465344,
460398,
463681,
459725,
466580,
464207,
461281,
465781,
461285,
463360,
461622,
462911,
463963,
467297,
461744,
464696,
460929,
462840,
460251,
465476,
461534,
465097,
464391,
461619,
466519,
460833,
464425,
462231,
464688,
466141,
464435,
467824,
459670,
462515,
461604,
462472,
465149,
459673,
465507,
467393,
460713,
465366,
465073,
464626,
465450,
461157,
465032,
460965,
466166,
460131,
465577,
463334,
462100,
459125,
467734,
462865,
465932,
460377,
463138,
461202,
466288,
459161,
466780,
466959,
463786,
459093,
463747,
460259,
464494,
466563,
466722,
460561,
461522,
459039,
459452,
461713,
461567,
461495,
461602,
461781,
462126,
461247,
461620,
463286,
466553,
466239,
462393,
465502,
459337,
466934,
467965,
465840,
465689,
462982,
464262,
463095,
461687,
467124,
464499,
467778,
466280,
463523,
462937,
460649,
460911,
462269,
459279,
461566,
462324,
463253,
465528,
464667,
462606,
466961,
463431,
459585,
459304,
462523,
464805,
465036,
467953,
464381,
466115,
467606,
466340,
461453,
460628,
459916,
462341,
467613,
462706,
466095,
466393,
466735,
461296,
463987,
462094,
463073,
466539,
463311,
462355,
461960,
461848,
461963,
459268,
465477,
460619,
466472,
467727,
459341,
466486,
460284,
463704,
460690,
467061,
464545,
464239,
464996,
461339,
461581,
460623,
467493,
467407,
461110,
460055,
466568,
467032,
463590,
467225,
466509,
463087,
460524,
459535,
467384,
466390,
463636,
466717,
466731,
466201,
467729,
460234,
464342,
460915,
466002,
459641,
463995,
463903,
466378,
459270,
461257,
461667,
465214,
461212,
466080,
463608,
461697,
459913,
461288,
465669,
460934,
466785,
465034,
463947,
465785,
462856,
459898,
463790,
465487,
465147,
463405,
460648,
464771,
459358,
459152,
464605,
466481,
462097,
460636,
463174,
463239,
460081,
466891,
463519,
467632,
465339,
467611,
462732,
465481,
459095,
464896,
460414,
461420,
463375,
459546,
463796,
459236,
459593,
466576,
460633,
462012,
461198,
462533,
460171,
466385,
465418,
464411,
463254,
461456,
461557,
462946,
463616,
462593,
464693,
459618,
466494,
462223,
462432,
464268,
461305,
462006,
463917,
463979,
465780,
464795,
467596,
459250,
462680,
460468,
466131,
461311,
464067,
462299,
466165,
462177,
460237,
459087,
464971,
460472,
461145,
466982,
466061,
465960,
462561,
465555,
462096,
466015,
459372,
463196,
463598,
464850,
462978,
461988,
461635,
464687,
466336,
459685,
466617,
465973,
459312,
459525,
467863,
461659,
466272,
459292,
460115,
463710,
463856,
467545,
466027,
460409,
465342,
460249,
464231,
461676,
462338,
467597,
459256,
459962,
463546,
464197,
465146,
462412,
464279,
465466,
463381,
464230,
465394,
467600,
461105,
464328,
462797,
461008,
461412,
462283,
467683,
463727,
467174,
459497,
464407,
462738,
465116,
462957,
465292,
464359,
461838,
464624,
459034,
466705,
459849,
463273,
461551,
464129,
464031,
464287,
466069,
460791,
464348,
460904,
466484,
467663,
467885,
461674,
460601,
464297,
462322,
459974,
461003,
464939,
461905,
466952,
464741,
460484,
462346,
465441,
461689,
464846,
462254,
462708,
467806,
461173,
465912,
461341,
465135,
461654,
459147,
464611,
460356,
461467,
461591,
466505,
463112,
464717,
459051,
464620,
462333,
463910,
464196,
459262,
467808,
460992,
459950,
461053,
467461,
463779,
464177,
463918,
464326,
465612,
463872,
466883,
467477,
461307,
463509,
461470,
466138,
460034,
460650,
466738,
465088,
467253,
462375,
466337,
465924,
465788,
459570,
463934,
459437,
466728,
461737,
460972,
461210,
463111,
465513,
461732,
459647,
460257,
464437,
461544,
462749,
461472,
467659,
466859,
460101,
461885,
460982,
460503,
460814,
459981,
463776,
467746,
460151,
467145,
459581,
461101,
464240,
461424,
464237,
463566,
459995,
465896,
463639,
463292,
462484,
459680,
465198,
467820,
465817,
467661,
464244,
465717,
460461,
465535,
466931,
461106,
465860,
463379,
459331,
466396,
463135,
463418,
467300,
465518,
461964,
463190,
461771,
467496,
466082,
461241,
460741,
461752,
461030,
459097,
464615,
460928,
467682,
463480,
462370,
459148,
462588,
466102,
464482,
463078,
464646,
461151,
466397,
463743,
467753,
465666,
463105,
465280,
466811,
467158,
465578,
466560,
459897,
466440,
464647,
460851,
467122,
460222,
460462,
459440,
459521,
465772,
462218,
467673,
461295,
466035,
459830,
462080,
459330,
467058,
461122,
464886,
463697,
460592,
465995,
461293,
467020,
461153,
467175,
465154,
466666,
467583,
462859,
467483,
466950,
463417,
466884,
464564,
463203,
464716,
466162,
462383,
462970,
463988,
466500,
460826,
466714,
467876,
465204,
461851,
460823,
459328,
466541,
461817,
459187,
464352,
462752,
459814,
460309,
467169,
461362,
462942,
463088,
463924,
462105,
462794,
462399,
465593,
465437,
465457,
463167,
463176,
462141,
460760,
461938,
465041,
462896,
467226,
467228,
459800,
466175,
460212,
466912,
460373,
466383,
463728,
466596,
465945,
464825,
462235,
463477,
465744,
467093,
464351,
466955,
462305,
461519,
465885,
461022,
463146,
466807,
459150,
467114,
466395,
465028,
467194,
464189,
466897,
466043,
460585,
461217,
465759,
463485,
464781,
459425,
460716,
464864,
467250,
460169,
461204,
462401,
464290,
462692,
464599,
464952,
460502,
463897,
464401,
460631,
462621,
466092,
466469,
459804,
460548,
459733,
466830,
466849,
461090,
466531,
464752,
467378,
462830,
461087,
461857,
465754,
466708,
465133,
467266,
464304,
464393,
464883,
464002,
465203,
461860,
459934,
461408,
459545,
460737,
459967,
464493,
463020,
466704,
462950,
459862,
465560,
465114,
464908,
459761,
464109,
463748,
461808,
461716,
466409,
464160,
462459,
463347,
461117,
467023,
462637,
465068,
463731,
462239,
467472,
460269,
466286,
467017,
463767,
466653,
464982,
465021,
462513,
460079,
460092,
462534,
466172,
463370,
463030,
465359,
462504,
465937,
460534,
461032,
463285,
466773,
463568,
463785,
467127,
467469,
461358,
464803,
460938,
460960,
461461,
460192,
466960,
466674,
467747,
460037,
461310,
460166,
459454,
461403,
459129,
464453,
463926,
462718,
464440,
467197,
465070,
466127,
466941,
467918,
462696,
464135,
467586,
460794,
460155,
464606,
465856,
463214,
462848,
465293,
461666,
459773,
463647,
464156,
460457,
463139,
464355,
462183,
466697,
466730,
466394,
459009,
460554,
462498,
459926,
465910,
459166,
462545,
459406,
464772,
465491,
463123,
462015,
461107,
459265,
462789,
465356,
460295,
463871,
464594,
460694,
464369,
463983,
463973,
465721,
467347,
461325,
465335,
461871,
466296,
462252,
460209,
465890,
459745,
465715,
467168,
465805,
461417,
462938,
463869,
459071,
460193,
462936,
464015,
467961,
464442,
465834,
462857,
467268,
463474,
463607,
460793,
464874,
465907,
465186,
463861,
464027,
460985,
466870,
466060,
461273,
464925,
465673,
461648,
467631,
467804,
465946,
460076,
466000,
459445,
466292,
463804,
464081,
462543,
463444,
463051,
465893,
466812,
463129,
467091,
460268,
465757,
460021,
463859,
460053,
466659,
466533,
465307,
464592,
460975,
461647,
467462,
467594,
464255,
461701,
466516,
464036,
461887,
464093,
466177,
467486,
466775,
467412,
460546,
466204,
459000,
460635,
466781,
464992,
464921,
458982,
461045,
466644,
459623,
459346,
464183,
466642,
460519,
462687,
464847,
467921,
460863,
464168,
464819,
465718,
461025,
466243,
463059,
466962,
463067,
465755,
460088,
466301,
467884,
459908,
459315,
465343,
467772,
463601,
460292,
466566,
459500,
460267,
467298,
467095,
465919,
461835,
461302,
461275,
463115,
466362,
462784,
467498,
463490,
463836,
459923,
462590,
464164,
460298,
467819,
460722,
466407,
462411,
466198,
462153,
467180,
461481,
464589,
461471,
463981,
459793,
464146,
464498,
459589,
459775,
459829,
463314,
459723,
459122,
462221,
463528,
459112,
462694,
466757,
464413,
464690,
466425,
460474,
467261,
463411,
463322,
466193,
461555,
459738,
459008,
462004,
459836,
461250,
461926,
459578,
466003,
465460,
462862,
466388,
465084,
465777,
466688,
461029,
462132,
464812,
459351,
465099,
465730,
462138,
466144,
465630,
460332,
462342,
459007,
465130,
459702,
461401,
463916,
459938,
460199,
466684,
465978,
465682,
462693,
459734,
459952,
466450,
466556,
459932,
460420,
466928,
463513,
460123,
462357,
459866,
464094,
467852,
462526,
461677,
463611,
467389,
463180,
461572,
464607,
463921,
467679,
463694,
467751,
465563,
465589,
459215,
466826,
461164,
459305,
460181,
466447,
467735,
463755,
460930,
465246,
459683,
463491,
466058,
459985,
464523,
462815,
464187,
461246,
460655,
467137,
462477,
463906,
465855,
467334,
461600,
465828,
463494,
460279,
463136,
459869,
467916,
465853,
461890,
466582,
461076,
466713,
460753,
460262,
465249,
466083,
459137,
459485,
461734,
467416,
463137,
459839,
465665,
466922,
464747,
464920,
461638,
461972,
467790,
463402,
462900,
460688,
466033,
459620,
467121,
461440,
459598,
465670,
463985,
466347,
459077,
460339,
459970,
463464,
459313,
466990,
460077,
460369,
464108,
463792,
462261,
463312,
462667,
462917,
463898,
459157,
460287,
460521,
460684,
462319,
460614,
462925,
465128,
465222,
467850,
465488,
461266,
467453,
467672,
466606,
465596,
462309,
461840,
461284,
467878,
465553,
463346,
466232,
465183,
462382,
461363,
465658,
460748,
466217,
465484,
459401,
459783,
462326,
459870,
467676,
464488,
466076,
462275,
459396,
464417,
467311,
464034,
467748,
465010,
459886,
466435,
463885,
462915,
462824,
460696,
466662,
461658,
467142,
460127,
467542,
462901,
465547,
464797,
460867,
464438,
460779,
458996,
460276,
466478,
463834,
465796,
460654,
459752,
459057,
465641,
467854,
459291,
460749,
467861,
459446,
459229,
466038,
459507,
467494,
466794,
464682,
459472,
466023,
467538,
459266,
467642,
466477,
459579,
464143,
467678,
466053,
467038,
466822,
464371,
462788,
459334,
465236,
461433,
466345,
459942,
462739,
463412,
467243,
463215,
460887,
467950,
460407,
466565,
461590,
461128,
460145,
462192,
467470,
462734,
467937,
463395,
466648,
460866,
463097,
461614,
459771,
466196,
466372,
467400,
459367,
463390,
460504,
465478,
466739,
461262,
463376,
459536,
466351,
465916,
461867,
461236,
461330,
466271,
463511,
462567,
466506,
460278,
467841,
465167,
463579,
462779,
464161,
463462,
459963,
459172,
467475,
464303,
461308,
463288,
467231,
460149,
459955,
463668,
463424,
462767,
465736,
461449,
462591,
464531,
467007,
460190,
466149,
464214,
461211,
467430,
462624,
464936,
461542,
465302,
460291,
460742,
464350,
465746,
466325,
464353,
463172,
465582,
467136,
466693,
461727,
461160,
461360,
466900,
467166,
460541,
466622,
465971,
466909,
460637,
465983,
462288,
464627,
460205,
460854,
463725,
461694,
465917,
463604,
467473,
462462,
465089,
467491,
461418,
464540,
462985,
465921,
462193,
467754,
459672,
465815,
459379,
460824,
458988,
466583,
467951,
461742,
466321,
464102,
465695,
467657,
467203,
460329,
465926,
467635,
461127,
462486,
463011,
464715,
462725,
465325,
464699,
465270,
463189,
460162,
466244,
466234,
466403,
459156,
463944,
466888,
461430,
464489,
464738,
459953,
465318,
461959,
459029,
467237,
459724,
459891,
462628,
461756,
463433,
465724,
466904,
462463,
461515,
464192,
467357,
467904,
460921,
464842,
467733,
460142,
461504,
460174,
461965,
467506,
463998,
462821,
463787,
460203,
460104,
465434,
461259,
465797,
467388,
466373,
464495,
462329,
463508,
462062,
466150,
466220,
464648,
464167,
465012,
464584,
463258,
465987,
467765,
463687,
467557,
461477,
462935,
465017,
461140,
462430,
463225,
462897,
466136,
466989,
462428,
462446,
467254,
464077,
465808,
464660,
462989,
464855,
465430,
463119,
460493,
459170,
461219,
467054,
465107,
459274,
459540,
467536,
461611,
466164,
466638,
466733,
460518,
464115,
460383,
466943,
462054,
465988,
462503,
461215,
460608,
461698,
459373,
465911,
462315,
461563,
465007,
464777,
461480,
460486,
459994,
459042,
461280,
463070,
464447,
459617,
464714,
465160,
460239,
465952,
461005,
465782,
466886,
464013,
466604,
466535,
466786,
460314,
461088,
464653,
460567,
462771,
463358,
466970,
461491,
464344,
463655,
463427,
463016,
464099,
461446,
460241,
465567,
460536,
464366,
459339,
467466,
465340,
460319,
466542,
459482,
459369,
467705,
467838,
465784,
464301,
462885,
466831,
466114,
463313,
461237,
463184,
467591,
462350,
466564,
465221,
467569,
464157,
460725,
462294,
462336,
462301,
464137,
462673,
467229,
459524,
461655,
463145,
467577,
467836,
463018,
467272,
467181,
460939,
465440,
465512,
466190,
465570,
463075,
460932,
459139,
460277,
460244,
465265,
462207,
466327,
465330,
461235,
464675,
461386,
464548,
462751,
459016,
461803,
459277,
461748,
464768,
463468,
460238,
459455,
464327,
463696,
460856,
462601,
467544,
464515,
461901,
466677,
467809,
462313,
461402,
460810,
459242,
460801,
462306,
463913,
464729,
467133,
465403,
463759,
463685,
461224,
459504,
461805,
463495,
462212,
464977,
465381,
460019,
465389,
463162,
464718,
462519,
459530,
461066,
459444,
465843,
460869,
462029,
459865,
464968,
462272,
464879,
462684,
462194,
465415,
465251,
460733,
459418,
464265,
463421,
459013,
466875,
463817,
466139,
460227,
464250,
462118,
467235,
467648,
466306,
464739,
466121,
464441,
466660,
458992,
464623,
465530,
462891,
459360,
459088,
459911,
466199,
460018,
465580,
466070,
462471,
461759,
462933,
462048,
463050,
465597,
462092,
467574,
463940,
459718,
460210,
461899,
459544,
466273,
461813,
462851,
466860,
464617,
462228,
460903,
464518,
462800,
467489,
464894,
464533,
467278,
466026,
464601,
461980,
461489,
466778,
465621,
461758,
460935,
465895,
465278,
462655,
465100,
464274,
467153,
459399,
466852,
464101,
465501,
462516,
459082,
466405,
465594,
465685,
461774,
467341,
461612,
466629,
467036,
465306,
467165,
465789,
465422,
462049,
466997,
465838,
467379,
462396,
465285,
461292,
466004,
464853,
467455,
465667,
463437,
461291,
459889,
466460,
460674,
460132,
463613,
465231,
463002,
464018,
464685,
465406,
467299,
461879,
